{
    "Bateria": { "jednostka": "ilosc", "cena": 150 },
    "Power-port": { "jednostka": "ilosc", "cena": 250 },
    "Gniazdo elektryczne": { "jednostka": "ilosc", "cena": 250 },
    "Płyta grzewcza": { "jednostka": "ilosc", "cena": 600 },
    "Zlew nablatowy": { "jednostka": "ilosc", "cena": 600 },
    "Zlew licowany": { "jednostka": "ilosc", "cena": 900 },
    "Zlew podwieszany": { "jednostka": "ilosc", "cena": 900 },
    "Licowanie płyty": { "jednostka": "ilosc", "cena": 900 },
    "Wzmocnienie otworu": { "jednostka": "ilosc", "cena": 600 },
    "Ociekacz": { "jednostka": "ilosc", "cena": 1000 },
    "Paski na ociekaczu": { "jednostka": "ilosc", "cena": 100 },
    "Paski na ociekaczu - komplet": { "jednostka": "ilosc", "cena": 500 },
    "Podklejka z cięciem": { "jednostka": "mb", "cena": 400 },
    "Cięcie 45 ST": { "jednostka": "mb", "cena": 150 },
    "Kaliblator LED": { "jednostka": "mb", "cena": 150 },
    "Impregnacja": { "jednostka": "m2", "cena": 100 },
    "Cieniowanie materiału": { "jednostka": "m2", "cena": 200 },
    "Podpoler do 10 cm": { "jednostka": "mb", "cena": 50 },
    "Podpoler ponad 10 cm": { "jednostka": "m2", "cena": 400 },
    "Szczotkowanie": { "jednostka": "m2", "cena": 150 },
    "Kapinos": { "jednostka": "ilosc", "cena": 0 },
    "Zaokrąglenie narożników": { "jednostka": "ilosc", "cena": 30 },
    "Półwałek": { "jednostka": "mb", "cena": 200 },
    "Ćwierćwałek": { "jednostka": "mb", "cena": 150 },
    "Ćwierćwałek blatowy": { "jednostka": "mb", "cena": 350 },
    "Ćwierćwałek profilowany": { "jednostka": "mb", "cena": 450 },
    "Faza okrągła": { "jednostka": "mb", "cena": 120 },
    "Obróbka prosta": { "jednostka": "mb", "cena": 80 },
    "Cięcie po łuku": { "jednostka": "mb", "cena": 200 },
    "Waterjet cięcie": { "jednostka": "mb", "cena": 150 },
    "Fazowanie płytek": { "jednostka": "mb", "cena": 30 },
    "Odpływ": { "jednostka": "ilosc", "cena": 250 },
    "Umywalka nablatowa": { "jednostka": "ilosc", "cena": 600 },
    "Umywalka podwieszana": { "jednostka": "ilosc", "cena": 900 }
  }
  