{
    "ZLEWOZMYWAK KLEJONY Z KONGLOMERATU KWARCOWEGO": { "jednostka": "ilosc", "cena": 4700 },
    "ZLEWOZMYWAK KLEJONY Z KONGLOMERATU KWARCOWEGO + KOREK AUTOMATYCZNY": { "jednostka": "ilosc", "cena": 5140 },

    "Krawędzie fazowane": { "jednostka": "mb", "cena": 0 },
    "Ćwierćwałek": { "jednostka": "mb", "cena": 220 },
    "Połwałek": { "jednostka": "mb", "cena": 320 },
    "Szeroka faza góra i dół": { "jednostka": "mb", "cena": 220 },
    "Krawędzie zaokrągloine, góra i dół": { "jednostka": "mb", "cena": 220 },
    "Krawędzie: ścięcie od dołu": { "jednostka": "mb", "cena": 220 },
    "Krawędzie: ścięcie od góry": { "jednostka": "mb", "cena": 220 },
    "Krawędź ozdobna": { "jednostka": "mb", "cena": 470 },
    "DODATKOWY POLER lub SZLIF POWIERZCHNI": { "jednostka": "m2", "cena": 380 },

    "Klejenie - kanapka": { "jednostka": "mb", "cena": 340 },
    "Klejenie - kanapka z fazą": { "jednostka": "mb", "cena": 340 },
    "Podklejka 45 stopni + zawinięcie": { "jednostka": "mb", "cena": 570 },
    "Podklejka 45 stopni": { "jednostka": "mb", "cena": 250 },
    "Podklejka 45 stopni + podklejenie pianką": { "jednostka": "mb", "cena": 435 },
    "Podklejka 45 stopni + zawinięcie 45 stopni": { "jednostka": "mb", "cena": 824 },

    "Cokolik do 10 cm wysokości": { "jednostka": "mb", "cena": 250 },
    "Cokolik od 10 do 15 cm wysokości": { "jednostka": "mb", "cena": 335 },

    "Zlew nablatowy": { "jednostka": "ilosc", "cena": 400 },
    "Płya grzewcza": { "jednostka": "ilosc", "cena": 400 },
    "Umywalka nablatowa": { "jednostka": "ilosc", "cena": 400 },
    "Zlew licowany": { "jednostka": "ilosc", "cena": 550 },
    "Licowanie płyty": { "jednostka": "ilosc", "cena": 550 },
    "Zlew podwieszany": { "jednostka": "ilosc", "cena": 950 },
    "Umywalka podwieszana": { "jednostka": "ilosc", "cena": 950 },
    "Zlew podwieszany i licowany od spodu": { "jednostka": "ilosc", "cena": 1050 },
    "Zlew podklejony z ukrytą krawędzią łączenia": { "jednostka": "ilosc", "cena": 1650 },
    "Wzmocnienia": { "jednostka": "ilosc", "cena": 550 },
    "Bateria": { "jednostka": "ilosc", "cena": 85 },
    "Korek": { "jednostka": "ilosc", "cena": 85 },
    "Dozownik": { "jednostka": "ilosc", "cena": 85 },
    "Filtr do wody": { "jednostka": "ilosc", "cena": 85 },
    "Otwór mały do fi 3,5 cm": { "jednostka": "ilosc", "cena": 85 },
    "Power-port": { "jednostka": "ilosc", "cena": 200 },
    "Gniazdo elektryczne": { "jednostka": "ilosc", "cena": 200 },
    "Odpływ umywalki": { "jednostka": "ilosc", "cena": 200 },

    "Rowki ociekaczy": { "jednostka": "ilosc", "cena": 1320 },
    "Ociekacz": { "jednostka": "ilosc", "cena": 2700 },
    "Ociekacz z rowkami": { "jednostka": "ilosc", "cena": 3600 },
    "Frez na led": { "jednostka": "mb", "cena": 420 },
    "Kapinos": { "jednostka": "mb", "cena": 420 },

    "Wycięcie narożnika": { "jednostka": "ilosc", "cena": 235 },
    "Wycięcie kształt L": { "jednostka": "ilosc", "cena": 320 },
    "Wycięcie kształt C": { "jednostka": "ilosc", "cena": 370 },
    "Wycięcie kształt T": { "jednostka": "ilosc", "cena": 560 },
    "Cięcie skośne do krawędzi poziomej": { "jednostka": "ilosc", "cena": 380 },
    "Cięcie skośne do krawędzi prostopadłej": { "jednostka": "ilosc", "cena": 220 },
    "Cięcie skośne": { "jednostka": "ilosc", "cena": 235 },
    "Dwa cięcia skośne": { "jednostka": "ilosc", "cena": 250 },
    "Dwa cięcia skośne do krawędzi": { "jednostka": "ilosc", "cena": 760 },
    "Kształt G": { "jednostka": "ilosc", "cena": 760 },
    "Kształt trojkąt": { "jednostka": "ilosc", "cena": 390 },
    "Zaokrąglenie krawędzi powyżej R 5cm": { "jednostka": "ilosc", "cena": 300 },
    "Kształt półkole": { "jednostka": "ilosc", "cena": 540 },
    "Kształt koło": { "jednostka": "ilosc", "cena": 840 },
    "Kształt Y": { "jednostka": "ilosc", "cena": 1140 },





    "FORMA-INTEGRA CERAMIKA KOPERTA": { "jednostka": "ilosc", "cena": 10250 },
    "FORMA-INTEGRA CERAMIKA LINIOWY": { "jednostka": "ilosc", "cena": 8740 },

    "Krawędzie fazowane SPIEK": { "jednostka": "mb", "cena": 0 },
    "Szeroka faza": { "jednostka": "mb", "cena": 252 },
    "Krawędzie: ścięcie od dołu SPIEK": { "jednostka": "mb", "cena": 315 },
    "Szeroka faza góra i dół SPIEK": { "jednostka": "mb", "cena": 305 },

    "Podklejka 45 stopni SPIEK": { "jednostka": "mb", "cena": 305 },
    "Podklejka 45 stopni + zawinięcie 45 stopni SPIEK": { "jednostka": "mb", "cena": 515 },

    "Ociekacz SPIEK": { "jednostka": "ilosc", "cena": 2268 },
    "Dodatkowy szlif powierzchni": { "jednostka": "m2", "cena": 368 },
    "Cokolik do 10 cm wysokości SPIEK": { "jednostka": "mb", "cena": 273 },

    "Zlew nablatowy SPIEK": { "jednostka": "ilosc", "cena": 231 },
    "Płya grzewcza SPIEK": { "jednostka": "ilosc", "cena": 231 },
    "Umywalka nablatowa SPIEK": { "jednostka": "ilosc", "cena": 231 },
    "Zlew licowany SPIEK": { "jednostka": "ilosc", "cena": 725 },
    "Licowanie płyty SPIEK": { "jednostka": "ilosc", "cena": 725 },
    "Zlew podwieszany SPIEK": { "jednostka": "ilosc", "cena": 788 },
    "Umywalka podwieszana SPIEK": { "jednostka": "ilosc", "cena": 788 },
    "Bateria SPIEK": { "jednostka": "ilosc", "cena": 95 },
    "Korek SPIEK": { "jednostka": "ilosc", "cena": 95 },
    "Dozownik SPIEK": { "jednostka": "ilosc", "cena": 95 },
    "Filtr do wody SPIEK": { "jednostka": "ilosc", "cena": 95 },
    "Otwór mały do fi 3,5 cm SPIEK": { "jednostka": "ilosc", "cena": 95 },
    "Power-port SPIEK": { "jednostka": "ilosc", "cena": 221 },
    "Gniazdo elektryczne SPIEK": { "jednostka": "ilosc", "cena": 221 },
    "Odpływ umywalki SPIEK": { "jednostka": "ilosc", "cena": 221 },
    "Frez na led SPIEK": { "jednostka": "ilosc", "cena": 494 },
    "Kapinos SPIEK": { "jednostka": "ilosc", "cena": 494 },

    "Wycięcie narożnika SPIEK": { "jednostka": "ilosc", "cena": 284 },
    "Wycięcie kształt L SPIEK": { "jednostka": "ilosc", "cena": 347 },
    "Wycięcie kształt C SPIEK": { "jednostka": "ilosc", "cena": 399 },
    "Wycięcie kształt T SPIEK": { "jednostka": "ilosc", "cena": 620 },
    "Cięcie skośne do krawędzi poziomej SPIEK": { "jednostka": "ilosc", "cena": 347 },
    "Cięcie skośne do krawędzi prostopadłej SPIEK": { "jednostka": "ilosc", "cena": 231 },
    "Cięcie skośne SPIEK": { "jednostka": "ilosc", "cena": 252 },
    "Dwa cięcia skośne SPIEK": { "jednostka": "ilosc", "cena": 263 },
    "Dwa cięcia skośne do krawędzi SPIEK": { "jednostka": "ilosc", "cena": 861 },
    "Kształt G SPIEK": { "jednostka": "ilosc", "cena": 861 },
    "Kształt trojkąt SPIEK": { "jednostka": "ilosc", "cena": 452 },
    "Zaokrąglenie krawędzi powyżej R 5cm SPIEK": { "jednostka": "ilosc", "cena": 347 },
    "Kształt półkole SPIEK": { "jednostka": "ilosc", "cena": 609 },
    "Kształt koło SPIEK": { "jednostka": "ilosc", "cena": 641 },
    "Kształt Y SPIEK": { "jednostka": "ilosc", "cena": 1292 }
}