{
    "Nero Antico": [1750, 1850, 1800, 2000],
    "Nero Satyna": [1750, 1850, 1800, 2000],
    "Nero Via Lactea": [1500, 1850, 1550, 1900],
    "Star Galaxy": [1500, 1850, 1550, 1900],
    "Steel Grey": [935, 1230, 935, 1230],
    "Altamonte": [2700, 0, 2700, 0],
    "Glencoe": [2700, 0, 2700, 0],
    "Bronze Coast": [2700, 0, 2700, 0],
    "Atlas Gold": [2460, 0, 2460, 0],
    "Atlas White": [2460, 0, 2460, 0],
    "Pico": [2460, 0, 2460, 0],
    "Atlas Gold Mat": [2550, 0, 2550, 0],
    "Cappucino": [2600, 0, 2600, 0],
    "Golden Dawn": [2600, 0, 2600, 0],
    "Nestos": [2600, 0, 2600, 0],
    "Maple Gaze": [2600, 0, 2600, 0],
    "Galactic Halo": [2600, 0, 2600, 0],
    "Venus Glow": [2600, 0, 2600, 0],
    "Imagine Grey": [3000, 0, 3000, 0],
    "Noble Areti Bianco": [2200, 0, 2200, 0],
    "Noble Supreme White": [2200, 0, 2200, 0],
    "Noble Pro Frost": [2200, 0, 2200, 0],
    "Taj Mahal (konglomerat kwarcowy)": [2830, 0, 2830, 0],
    "Taj Mahal Mat (konglomerat kwarcowy)": [2910, 0, 2910, 0],
    "Taj Mahal": [3020, 0, 3020, 0],
    "Negresco": [2200, 0, 2200, 0]
}