{
    "Super White": [3640, 0, 4000, 0],
    "Balmoral": [728, 810, 860, 990],
    "Bianco": [560, 630, 700, 850],
    "Strzeblów": [560, 630, 700, 850],
    "Strzegom": [560, 630, 700, 850],
    "Strzelin": [560, 630, 700, 850],
    "Bohus Grey": [900, 1100, 990, 1170],
    "Red": [900, 1100, 990, 1170],
    "Brąz Królewski": [530, 0, 600, 0],
    "Classic Brown": [800, 880, 850, 980], 
    "Dark Grey": [770, 910, 920, 1090],
    "Impala Marikana Dark": [910, 1060, 1040, 1290],
    "Kashmir": [0, 1320, 0, 1550],
    "Colonial": [0, 1320, 0, 1550],
    "Valley": [0, 1320, 0, 1550],
    "Winter": [0, 1320, 0, 1550],
    "Coffee Brown": [0, 1320, 0, 1500],
    "Magma Gold": [1700, 1940, 2450, 2730],
    "Titanium Gold": [1700, 1940, 2450, 2730],
    "New Dark Grey": [800, 910, 880, 980],
    "Oscuro": [0, 1610, 0, 1610],
    "Titanium": [0, 1610, 0, 1610],
    "Forest": [0, 1610, 0, 1610],
    "Silver Paradiso": [0, 1610, 0, 1610],
    "Nero Assoluto": [1550, 1730, 1800, 2000],
    "Premium Black": [1550, 1730, 1800, 2000],
    "Nero Assoluto Satyna": [1700, 1900, 1950, 2100],
    "Premium Black Satyna": [1700, 1900, 1950, 2100],
    "Saida": [970, 1170, 1130, 1310],
    "Santorini": [2000, 0, 2310, 0],
    "Spring Falls": [1700, 2100, 1950, 2350],
    "Star Gate": [1300, 1550, 1400, 1750],
    "Steel Grey Lappato": [1240, 1415, 1450, 1600],
    "Shivakashi": [1270, 1515, 1450, 1715],
    "Honey Dew": [1270, 1515, 1450, 1715],
    "Tan Brown": [920, 1052, 1000, 1120],
    "Tołkowski": [880, 1010, 950, 1090],
    "Vanga": [980, 1140, 1080, 1220],
    "Wiscount White": [970, 1150, 1080, 1260],
    "Bianco Carrara": [1150, 1480, 1230, 1580],
    "Brecia Sarda": [830, 950, 900, 1020],
    "Crema Marfil": [860, 950, 940, 1040],
    "New Marfil": [590, 740, 660, 800],
    "Ambiente Light": [2500, 3530, 2500, 4250],
    "Angela Premium (CPW)": [1370, 0, 1650, 0],
    "Brilliant Black": [1680, 2080, 1950, 2320],
    "Calacatta Olympos": [2500, 0, 2500, 0],
    "Calacatta Silva": [2300, 3500, 2500, 4250],
    "Crystal Absolute White": [1830, 2750, 1100, 3000],
    "Crystal Anthracite": [1500, 1900, 1750, 2100],
    "Crystal Polar White": [1630, 2270, 1700, 2650],
    "Gobi Grey": [1200, 1490, 1450, 1700],
    "Noble Carrara": [1925, 2425, 2240, 2700],
    "Noble Quarzite": [1925, 2425, 2240, 2700],
    "Noble Concrete Grey": [1925, 2425, 2240, 2700],
    "Stardust (Desert Silver)": [1820, 0, 2060, 0],
    "Vera Gold": [2300, 0, 2300, 0],
    "Adamantium": [2000, 0, 2310, 0],
    "Artemis": [1840, 0, 2100, 0],
    "Elysium": [2330, 0, 2660, 0],
    "Polaris Gold": [1840, 0, 2170, 0],
    "Ocean": [1840, 0, 2170, 0]
}