{
    "Ariston": [715, 955],
    "Botticino": [385, 460],
    "Baltic Grey": [735, 890],
    "Beige Marfil": [640, 765],
    "Bianco Ghiaccio": [650, 810],
    "Bianco Neve": [755, 915],
    "Breccia Aurora": [460, 560],
    "Calacatta": [510, 620],
    "Ceniza Pearl": [750, 980],
    "Madra Perla": [735, 915],
    "Misty White": [0, 915],
    "Nero Portoro": [690, 815],
    "Perlato Appia": [500, 600],
    "Polare": [620, 870],
    "Rosa Del Garda": [485, 590],
    "Royal Beige": [840, 915]
}